{
  "total_records": 1508377,
  "unique_service_codes": 98,
  "unique_organizations": 50528,
  "unique_zip_codes": 0,
  "unique_states": 0,
  "rate_range": {
    "min": 1.0,
    "max": 16841.34,
    "mean": 132.67103846054405,
    "median": 106.48
  },
  "service_categories": {
    "Evaluation & Management": 1191316,
    "Surgery": 137207,
    "Radiology": 110032,
    "Medicine": 69822
  },
  "rate_categories": {
    "$100-500": 805140,
    "$0-100": 684007,
    "$1K-5K": 11416,
    "$500-1K": 7627,
    "$5K-10K": 163,
    "$10K+": 24
  },
  "generated_at": "2025-07-23T22:31:46.678398+00:00"
}